Actual,Predicted
31.87425,42.14413
28.305025,39.367317
29.809975,39.87202
30.785625,40.51591
36.599876,38.483707
30.56395,34.926468
29.478125,39.33184
27.561699,39.52995
49.515465,39.002197
39.508877,36.058846
34.2225,36.868965
34.693825,40.389282
47.1708,39.45531
51.343975,38.74647
33.7542,38.93645
33.292873,36.65463
33.1866,38.560936
31.946224,38.57254
40.06775,40.249252
38.252174,36.300198
50.93175,39.578506
70.09112,40.690807
29.325176,39.5803
35.55466,38.67815
35.08262,39.888096
34.336998,36.835026
36.9549,37.76957
32.994225,35.88978
30.339901,38.965027
26.35654,37.91987
46.866367,35.289642
40.96058,37.885498
38.482376,38.634075
34.653248,38.660896
48.137074,39.08854
48.6814,34.54237
34.704,40.33661
33.86635,39.995705
30.73185,35.592205
30.727318,39.60295
40.03558,38.97787
36.30955,37.707104
49.93264,38.727474
63.40367,40.304676
27.42915,35.77735
33.664967,37.41135
33.541676,41.326607
37.61764,40.36311
36.192875,38.981304
30.452126,37.208515
21.67615,37.68118
29.1596,37.781643
39.64435,36.92318
45.807724,38.655426
39.516624,41.032387
46.73236,39.33529
46.051,39.95872
47.75705,41.098034
36.5681,38.768085
38.07868,39.693447
30.6084,33.782814
30.13735,37.07694
40.159973,38.74359
42.59075,35.703987
51.11055,41.776974
70.44073,40.362843
25.915632,38.756615
30.804325,37.781246
34.397873,39.041027
31.23542,39.026375
29.83785,38.165108
17.314524,41.219723
23.54555,38.836227
42.384377,38.591206
45.366066,40.691154
43.52452,36.384335
46.902775,36.720856
49.056225,42.389503
37.07746,40.829517
41.23795,37.58127
34.244175,36.26738
29.4397,38.042503
41.470627,35.987335
40.70093,36.751358
52.0993,43.970226
64.85086,39.94648
22.32995,41.114204
27.55195,39.754196
31.664139,37.74478
36.89575,36.98473
30.57855,37.929604
29.12785,37.626183
19.775518,40.12347
27.049576,40.708538
44.192825,36.004585
43.238167,40.207172
44.4041,35.039303
49.18208,37.282925
48.009724,43.714466
33.89033,35.95791
45.023098,38.956463
32.346275,38.42567
25.8629,38.702564
39.53964,38.038486
44.206234,37.893505
53.85135,40.278915
63.85142,39.744152
27.980074,36.310898
27.461874,37.688034
30.678967,42.330837
33.324898,42.542877
26.27516,33.400043
18.933651,36.0036
24.11655,38.1755
43.3357,38.578728
47.158375,41.13153
46.9927,37.349373
49.9801,37.657433
48.400726,41.17725
32.65735,39.261673
46.2807,39.758686
47.10925,38.28566
33.841824,40.517227
28.4223,37.103577
38.7153,38.202194
43.851467,38.37392
43.67835,40.66173
53.536175,41.00002
53.2062,42.873615
24.701033,41.890118
32.4769,35.68007
31.687124,42.02194
27.06798,36.47083
20.326778,35.507076
25.79522,36.599884
40.93,38.925865
44.27735,40.410973
45.93876,36.63167
49.561,37.614216
49.731377,37.55984
38.4568,37.677326
45.28998,40.889954
34.10315,39.824265
30.366951,35.320087
37.4537,42.87578
42.92624,40.08271
50.25545,39.73131
38.8433,43.479324
31.7889,43.68339
24.5121,39.53682
30.992525,37.449783
30.8921,40.2894
28.3991,36.50955
18.681826,35.513634
32.3485,38.797016
31.8108,39.323997
39.22134,40.332687
45.2586,42.407856
47.260826,36.865135
52.049374,40.084385
50.847366,40.232616
38.403774,38.1235
48.869225,39.79928
36.8963,37.447433
29.79446,39.812443
36.194923,39.922638
43.647274,40.34823
52.11796,42.35994
53.0141,39.211258
28.46715,39.992317
31.764376,38.04002
29.522425,38.03034
20.982775,36.40416
36.36444,38.109188
35.280476,41.894897
45.792324,42.30957
43.90165,36.180676
49.29585,37.064903
49.47556,39.64606
40.251324,42.25636
52.51642,40.30275
35.412632,37.433926
27.1024,38.27682
25.071667,35.082485
42.31845,39.93564
43.215176,38.98894
51.016575,43.038593
60.48236,32.62519
31.6978,35.29823
31.027075,39.15846
28.337881,37.447296
24.4716,37.934162
36.71565,37.84773
30.585867,42.8901
44.76245,40.605907
45.1842,37.16846
49.65704,39.903465
49.06672,40.181305
41.413876,37.96893
50.635075,40.823036
40.40818,41.465305
31.25192,36.712944
42.667976,40.72488
44.97396,39.707916
50.15215,42.96791
58.567375,41.576237
28.492775,38.189022
28.6877,36.877705
27.405434,39.39686
22.872938,35.07629
36.826126,40.538982
37.05736,41.72154
40.1252,39.29674
36.40555,39.205715
41.37565,39.080948
50.006035,39.371788
49.649574,38.285275
41.980576,42.57271
49.4962,44.21023
41.755524,39.971577
30.261625,35.266846
41.90175,38.999718
45.43045,39.888947
53.14645,40.57737
49.194622,35.667923
28.99352,36.49329
27.845034,38.34863
27.5119,35.142918
21.580933,36.158485
38.531776,38.36079
41.37065,37.436104
37.3203,35.523262
31.377567,38.478928
47.875576,38.42974
47.551548,40.56494
44.796776,42.612907
45.48184,43.359173
45.2666,38.919308
31.73282,38.38214
40.90986,36.298447
53.3685,38.23585
56.458775,45.369293
47.174118,35.392193
26.158325,41.77105
29.062376,35.991085
24.3527,35.231422
38.26185,38.199562
41.274624,37.550278
37.026226,42.185944
29.456575,40.424107
43.022026,36.293144
47.835125,39.360756
48.198574,39.543198
43.616634,40.09487
41.609123,40.238354
32.635326,41.47836
37.63272,37.79717
50.783234,37.83597
48.5659,40.3928
48.48566,37.786785
24.9044,38.94035
30.920826,39.776882
25.0146,38.199394
39.01485,36.539165
41.61345,39.61182
35.1029,37.75902
27.64785,37.258125
38.670525,37.151085
37.0788,37.36018
44.498276,40.750206
46.5788,37.711857
45.649,40.301483
42.711998,40.291008
40.089073,36.54154
38.413475,38.269665
49.454067,37.607357
49.346176,40.68139
49.98884,43.31713
31.432575,36.320324
23.539925,35.59391
36.85535,36.910103
40.785225,35.45718
34.83434,38.450462
25.973925,34.36919
34.699825,40.756203
43.16365,35.11543
50.37444,38.59246
43.681477,42.565456
44.1065,39.14344
41.560276,36.647877
33.12244,35.84041
45.63,37.347824
47.739326,38.311382
43.99385,35.66143
31.6019,36.439835
25.676725,35.7686
35.5061,37.44146
37.258476,38.92203
33.8299,34.258106
29.609926,38.286865
32.89208,37.666737
43.268726,40.445507
51.83096,41.480442
44.62932,40.63801
44.79335,37.508366
45.417076,41.255196
32.669434,40.043697
41.5597,34.874
41.610535,37.5749
48.12436,38.05749
31.60412,37.14267
30.16805,35.29599
37.57584,34.848946
37.6374,38.59291
35.421734,35.92822
30.0882,39.47978
30.83695,35.9593
40.04138,41.306328
52.277924,36.961803
53.975,34.419754
45.2695,39.219517
45.0436,40.82897
47.889526,39.198257
35.64944,42.759037
40.0138,35.660046
44.500698,42.81421
53.115925,36.585617
34.2909,38.866673
37.701473,40.962025
39.631,39.295128
35.6619,35.696095
27.898125,40.68218
31.068699,38.90652
31.463526,41.642757
50.1526,41.027794
47.1022,38.203606
47.5163,39.926243
49.4984,34.907497
39.0569,41.103687
34.296032,36.32308
44.7182,40.44966
44.9026,37.156025
45.19136,37.343807
29.8151,38.370132
31.287426,38.305466
38.573524,41.365566
36.210724,35.847126
27.036734,37.24374
29.6662,35.05677
32.06744,36.203472
51.767723,37.641846
48.3693,42.157288
48.8702,41.586567
43.14316,36.52302
37.9969,37.04334
32.2303,34.762062
44.04135,40.94803
38.510174,37.932793
30.331701,40.402405
27.5543,38.959282
30.96565,37.61569
35.294334,36.782013
33.777424,37.81939
27.1956,39.834774
29.7849,37.48275
28.340374,37.726894
51.609627,38.73978
47.23592,44.87376
51.04677,40.487183
45.49655,38.67607
38.312176,37.554176
32.253433,38.581577
42.6077,41.798702
44.124,38.200634
29.615524,39.707993
34.47324,37.844616
36.46185,41.633514
29.7336,37.94222
29.72415,42.793533
31.886467,38.87371
27.52235,34.73455
48.40758,37.205555
44.427074,40.820004
47.544,40.512512
51.807274,40.489468
46.41316,36.961285
37.95225,40.675095
29.736126,35.64412
39.5432,41.7835
46.20716,39.607037
30.9148,38.28967
36.477024,37.80296
31.91512,36.209667
29.594925,38.258686
31.94075,41.46382
28.199625,34.73734
48.5977,41.04176
39.90412,44.004402
51.605,43.344933
45.72865,38.979042
42.28524,40.008575
30.29938,36.986195
37.917774,41.63983
49.0184,35.115314
32.083725,37.51541
37.61025,37.817047
37.11305,39.319805
35.750725,40.37377
23.988026,37.51188
32.2607,36.35284
30.037825,38.294666
50.10538,35.96922
40.27696,42.205853
51.0466,40.603653
41.623825,38.90732
46.51778,44.10445
36.27224,37.93104
39.692024,41.52863
46.315125,38.201595
38.32065,39.553986
38.9336,36.18749
24.36562,39.220715
31.432425,36.149174
30.394161,38.972233
49.508926,36.341686
38.820324,41.57327
49.23804,38.67178
44.00134,38.588413
49.1517,39.57586
48.2379,36.405407
48.29045,36.517784
45.669132,41.238113
37.0779,36.499428
38.2189,35.45019
33.403576,38.104183
30.538101,37.09202
27.99808,37.481102
34.1842,35.778065
50.4212,39.962715
42.520374,41.421482
53.6765,39.030678
47.962627,42.07225
51.65526,37.87461
56.4441,38.968243
46.45845,42.828976
38.2487,35.118587
30.7712,39.716084
40.6727,40.20479
39.3086,35.490765
32.3688,35.83894
33.7751,34.975285
30.9921,38.05077
34.3832,38.050568
44.074974,38.538433
40.79685,38.61189
50.36376,41.445427
45.821518,37.42877
48.500965,40.27639
54.584934,37.371544
44.3749,41.077976
38.8541,36.878555
26.968525,37.66917
42.817726,43.726215
40.62952,35.273182
34.94675,36.592587
36.6571,35.099842
36.67756,36.88057
41.884575,35.57482
39.37855,38.374165
49.1687,38.282692
44.76585,38.223232
51.0246,42.42585
49.180473,36.86867
39.930367,43.21745
36.685,41.247055
25.960821,37.387848
43.425625,42.886845
42.979076,35.649673
33.347576,34.93495
31.853275,34.29589
38.064133,35.317062
37.5153,39.812313
44.0528,42.523243
46.0955,39.713196
48.14304,38.05496
46.66996,41.096813
38.175167,36.52707
39.5621,42.75318
33.524433,40.20528
27.430475,41.222897
39.74974,42.175636
46.21175,37.374393
41.01615,35.804836
35.66776,38.88973
42.557434,36.62401
43.4747,39.447727
34.71274,38.0368
49.787876,40.315212
45.7837,36.843086
50.38185,39.58863
44.1871,39.02765
39.3903,36.743626
44.487873,45.307762
30.076767,41.24455
30.6624,40.126087
25.31638,40.616444
40.214825,39.207047
48.57038,40.748703
44.49402,38.64249
42.556,34.18766
43.89564,36.92729
34.024765,40.351154
51.398026,37.432945
44.0403,41.962345
45.4627,42.791557
46.8035,42.686714
38.415432,36.99351
45.50652,43.97795
32.55785,38.727192
32.79865,39.49144
33.5366,36.812267
38.071674,38.09683
44.782776,37.139782
50.173866,40.940857
46.513298,34.529686
45.735626,42.3626
34.416924,41.156555
50.23095,41.118526
45.652523,38.635136
48.81242,40.9985
44.194817,38.27912
45.04265,38.857693
49.7283,40.756237
47.429123,40.393562
34.96895,39.405647
32.87065,39.25901
33.141975,41.46962
37.78645,38.880814
40.5387,35.02702
51.9744,36.94878
51.04008,37.495117
46.18955,40.141823
34.9115,39.83742
38.228424,38.24623
37.8974,38.010296
48.381725,37.686348
51.1196,39.720215
44.175823,41.507572
52.659077,36.49203
50.399075,42.70016
38.66102,42.18091
34.512524,40.17338
33.513824,40.663406
40.66794,35.755085
39.785225,39.039547
48.699066,40.27507
50.52745,37.934498
48.94576,40.734688
38.333725,37.60266
39.443577,35.05378
49.881126,40.538944
49.91236,39.70749
43.84675,37.73091
52.401127,40.085888
50.185326,41.646465
46.27915,39.309017
38.2831,38.96013
31.1502,43.600544
38.111366,40.32772
39.4888,36.21373
46.95066,37.79009
51.75965,39.60961
52.473125,38.664783
40.30815,39.255825
42.44118,39.17455
50.781475,36.829735
45.19735,41.201065
47.31158,40.122135
57.51272,41.96216
58.1093,44.66715
57.0513,44.21932
29.996151,35.832973
38.3272,39.889927
35.0862,42.497078
36.188866,40.700424
35.98256,40.263977
38.84326,40.53013
45.773224,37.62732
48.351925,35.534695
49.970074,39.15361
41.597626,38.304466
51.42295,40.737755
46.957424,40.06676
45.58955,42.427616
51.311752,39.085983
53.1219,37.457504
52.690132,43.20256
57.88394,43.52872
28.90086,38.803566
36.996033,42.619396
39.0601,40.83256
34.968575,37.881306
42.06185,32.92474
45.979874,36.17793
43.065174,38.601337
45.9322,38.019646
40.8832,37.461185
47.707798,40.88196
51.666676,36.3923
43.45564,35.174828
52.50116,37.358273
55.172726,40.307
55.224476,42.08535
55.77488,40.62482
27.09815,38.948376
31.964975,39.563896
37.40945,36.63326
32.874176,37.052315
42.455326,37.692947
44.831566,37.492275
41.60444,37.00341
41.53674,37.64609
43.00062,36.714813
50.54815,39.74998
53.155525,42.36878
43.96315,36.23013
49.62445,36.31662
45.785,40.54312
56.73122,44.246796
58.99554,41.644638
30.001225,37.237064
31.71584,37.483253
41.77112,36.871536
34.2787,39.05499
37.2083,41.032852
38.590267,38.92854
42.563076,41.064056
39.3206,36.520485
42.102177,35.94688
44.4715,39.76549
46.27966,39.752197
52.032925,39.276447
42.072124,37.734364
46.14294,35.644085
40.231773,35.387173
55.285534,41.83888
52.91654,36.357384
30.995174,38.589436
29.833775,37.19662
42.8601,37.64931
33.698376,36.84386
40.99844,41.309067
42.201424,40.826313
39.79426,39.40104
41.973976,40.84134
46.124626,40.453194
48.074924,38.600323
53.49966,42.209213
39.2386,39.26089
42.70738,39.150787
34.7929,36.473255
45.981476,40.32771
45.7972,38.94939
33.411465,38.055862
27.633934,38.227875
40.6586,37.057995
38.95135,35.521015
40.42555,40.308582
39.0272,39.505623
41.152565,38.290817
41.644627,40.00711
50.271564,35.57334
49.78582,35.46919
53.192974,37.51981
42.176476,39.56784
43.50824,41.79427
37.51665,38.783714
44.781876,42.470154
44.43734,39.501247
30.5792,36.809216
29.822374,37.378174
39.613125,36.09642
38.042675,40.02942
40.929325,37.589836
37.49312,41.77239
40.88325,37.070232
41.1802,37.429047
42.058033,41.53817
51.7989,38.69157
44.0624,38.89917
51.408974,36.15697
43.81012,36.73595
44.063625,39.89691
37.05327,37.960026
45.9362,41.27099
39.1035,37.558834
34.77045,40.698627
28.747826,39.76931
36.42905,37.77491
39.94405,33.719975
40.14285,37.252777
42.21336,38.22181
33.303734,39.960712
35.757626,35.8228
44.8036,40.702534
52.99068,38.4421
41.002125,37.216118
49.040825,41.018394
48.29045,38.51977
44.09996,36.96222
35.098225,39.107273
47.0462,41.033337
41.34332,36.24744
35.62585,37.07152
34.3373,39.540756
29.154675,38.01006
37.709927,36.88777
32.376724,34.053196
40.1165,38.894337
43.014324,37.78852
34.17675,38.618553
34.9804,39.393017
46.56785,38.637806
54.072475,37.213284
38.05662,36.236973
45.71342,36.48595
46.73614,36.807167
46.3712,35.597935
37.437965,38.400043
44.828632,39.597725
43.969376,38.059834
34.271023,43.894733
28.77754,36.41942
37.915234,36.805855
33.355324,35.31013
36.9176,40.40453
39.355366,39.08355
38.8735,35.315887
52.294502,41.32388
51.44755,37.85078
44.0131,37.53659
44.343334,40.678272
47.7413,40.61543
47.05066,37.942924
37.477234,37.180305
45.96705,42.196526
35.273773,37.980995
28.71165,40.29374
29.0972,39.640892
38.510624,39.918186
49.703777,42.74885
40.56745,39.145416
43.85094,40.70021
43.3013,36.04174
45.528976,40.649918
39.0551,36.849873
47.658833,37.742527
25.7515,33.520573
30.597626,35.063057
28.726826,37.43177
38.092976,41.415485
51.419724,37.558937
40.48665,42.85015
41.48235,38.728046
50.30758,34.9865
39.98236,36.94167
41.3043,35.314213
40.711,41.485092
19.530626,36.60259
31.075674,37.161263
33.620598,37.433006
38.943634,35.550564
52.6877,37.44082
43.67644,41.263924
44.75873,37.375572
45.3134,40.397743
55.294674,37.125828
35.3709,35.78356
40.6535,37.855682
46.012768,39.868626
21.579674,36.607574
33.85058,37.481636
34.70955,37.854614
39.44616,38.166245
46.91775,34.02877
44.274666,36.16616
46.18834,38.74833
40.94534,38.62289
39.77498,37.96481
30.8181,35.585293
42.464,40.507137
33.334026,36.05237
32.959198,34.825806
37.14385,35.639736
42.851326,39.318768
44.873074,37.34685
50.329765,40.305542
45.9458,35.497086
46.939774,39.59455
44.313675,39.938145
29.5404,35.439747
38.624733,36.783722
36.032,38.127983
35.41925,39.05563
35.6006,38.428783
45.28715,36.665188
45.7411,37.895615
43.99505,36.954014
32.101665,34.983124
38.261665,38.663956
32.385,37.048847
46.1659,36.126713
33.35865,37.22558
36.68285,38.220036
28.99534,38.165638
35.6412,39.026463
37.280766,38.051163
37.8324,37.844387
38.94875,38.2043
39.1889,40.51803
40.0848,35.200764
40.8964,42.043133
42.31635,39.837032
35.562267,38.978813
41.976376,41.596043
31.437576,37.519802
42.2946,35.54143
43.9321,35.215538
44.175774,37.158325
44.904034,41.20157
45.37977,38.856785
40.1022,42.87762
37.8375,38.05904
36.3914,36.608997
36.5579,37.596672
35.463367,36.398846
35.1964,41.48706
33.0047,38.582092
31.8108,39.791386
32.68275,33.98717
34.10765,36.45796
34.0214,37.448635
35.27373,34.97895
35.679768,37.380127
35.04855,37.31478
35.4231,40.03104
37.83995,38.400314
37.66765,40.535027
34.744434,37.421967
35.431732,40.345207
36.749,38.348965
34.1076,38.58659
34.22245,38.251274
35.9239,39.033787
44.296967,36.867016
32.8985,36.672874
20.912298,40.235435
21.9536,40.632313
30.159,40.89723
35.064667,38.452255
39.543434,36.883835
38.881535,33.563736
40.162827,38.912727
32.155365,40.194557
31.389767,40.00584
31.631733,39.64243
33.118534,38.361362
38.2419,35.14167
38.9057,37.69266
38.217133,39.631477
36.944366,35.50524
35.87137,37.175865
41.6254,36.76934
39.798668,40.044235
39.2938,39.03313
35.349834,36.72237
35.8685,36.057133
39.861332,41.24757
34.474667,42.31658
33.274067,38.75687
30.937834,36.322113
27.9317,40.049088
22.2532,39.497673
19.614399,33.6794
26.8727,35.6395
41.4051,36.741047
44.628426,38.140213
34.467148,38.766636
46.16005,43.93715
44.565365,43.39705
40.1559,37.657406
36.045334,41.774853
33.010468,40.53746
28.065834,42.72207
27.3703,36.464863
30.7783,40.95507
32.916367,34.737743
35.65727,36.59567
35.0464,31.189764
34.299725,37.905872
35.0774,37.619926
38.203632,41.516964
35.3937,43.497566
30.63285,42.047848
30.9995,40.628456
42.792725,38.79767
43.431366,36.50559
27.988632,37.360382
28.882324,41.293186
31.865025,34.783024
37.432724,35.35806
40.541874,42.10283
41.97972,41.00289
37.74014,38.264416
34.3373,36.09961
35.0978,36.680058
34.77865,34.79236
40.32818,35.82452
46.25825,41.455414
41.28515,36.099167
44.203575,36.76178
36.307,40.755756
28.633875,33.37087
49.102848,41.186523
48.996723,41.467453
45.42934,40.104923
46.4869,41.6562
43.83576,40.764675
51.869633,41.257023
52.77768,38.78143
52.310123,38.08767
49.3541,37.83487
50.05734,38.99945
46.706276,37.488773
47.77365,42.59811
47.4287,42.164394
37.1102,39.214878
40.2978,44.060802
37.835224,40.250668
37.70702,40.99692
40.727474,40.542953
40.247623,42.200474
42.6771,43.659725
46.02235,41.593826
46.69316,37.046906
40.4722,36.795555
40.4692,40.406902
34.51615,35.72433
31.615675,37.96512
31.3515,39.563217
38.2539,38.16583
35.82375,36.111618
26.841576,37.19496
45.629467,40.25268
33.39635,40.695404
33.490326,39.677895
39.747032,38.401855
42.500034,38.66774
45.247135,38.76394
37.667675,36.114925
37.046623,38.060677
34.7446,37.82399
35.092323,35.847317
25.41295,39.90628
32.920834,39.61042
34.4792,38.528965
34.8156,40.007683
34.3373,40.36273
30.3636,40.85702
35.815334,41.28322
39.028675,35.709633
48.7504,43.217182
43.04415,39.57821
39.983135,36.851627
42.333275,37.025146
41.670475,37.946167
36.915348,36.88129
34.8746,35.07118
33.1554,36.435616
31.47255,38.448658
30.469675,34.871414
31.628067,39.274677
36.17045,39.709038
32.999233,37.88908
37.339268,38.64744
23.9188,36.789635
38.3747,43.694073
36.8113,42.644203
35.009632,38.870804
33.244133,40.935154
32.4643,36.352024
33.95,40.63215
33.16195,43.62785
35.947834,39.354225
34.051426,38.748165
25.1975,36.674816
54.64263,40.832607
53.5856,43.208378
55.2088,41.370094
55.516724,40.420296
44.5667,37.065434
15.518999,39.11738
20.161625,36.723328
20.786098,33.997753
33.9509,40.647022
33.3037,37.496254
23.3126,39.107704
27.087868,38.098804
32.95925,36.05595
35.8302,35.53709
34.567,36.674576
38.744633,36.793274
40.2095,39.517643
42.490967,36.14345
41.8039,36.112267
35.9237,39.37291
31.127575,36.060448
28.2125,39.366394
27.1298,38.19082
24.7276,40.35476
17.6854,36.26131
17.6854,37.826515
17.6854,40.506287
35.43743,36.726067
29.5818,40.20911
31.725,32.151657
17.4558,37.74062
18.50308,33.277184
12.5182,39.486725
7.3953404,39.08109
7.2561345,40.151024
7.9732003,40.09029
26.8422,39.211796
34.3705,41.28994
35.88765,36.39205
31.3465,33.460423
29.7803,40.29619
32.3467,39.94888
31.3132,39.145557
36.013233,34.367992
37.827625,40.074184
26.69826,41.526035
27.614574,39.72554
25.74275,36.806744
21.423948,32.185894
24.408068,36.702408
36.839474,40.837654
36.264576,36.228497
30.52625,38.577473
26.922333,40.22399
32.280766,35.65241
30.542233,42.361256
33.11665,37.8759
44.88546,39.158607
39.5051,39.54814
42.416225,39.69598
42.542,35.661808
25.1501,40.679497
27.332,39.71286
32.37975,37.575203
33.93905,40.1636
30.2796,36.979996
39.3903,41.144672
40.455738,39.528748
40.461926,40.62099
30.524633,36.95717
34.9645,40.46756
34.2261,40.147152
37.979,39.10854
36.76038,39.13651
39.2194,37.221256
22.9028,40.251167
20.9201,36.08307
17.9878,38.256157
29.94155,40.06144
36.9977,41.552643
38.99775,37.59204
43.7542,38.959488
42.3606,38.75885
46.051,35.02407
23.2808,36.995266
26.0688,35.864906
36.403767,38.142452
38.590527,40.000065
46.530376,39.194748
43.23287,40.615063
38.9728,39.413082
34.227867,36.36099
25.954,38.197895
25.3798,39.469078
36.585,36.088448
41.444035,39.20652
52.63415,41.38808
52.8755,37.501575
29.132,39.474846
26.7687,37.695435
26.20615,37.58842
24.3271,33.75331
37.1775,40.1983
43.6253,41.180367
44.5009,43.55949
51.9034,38.576862
24.1923,40.31634
23.528925,35.470604
23.7045,35.94986
39.27857,37.41693
47.7441,38.698532
47.758224,38.121616
22.049398,37.369743
21.508165,36.670815
21.996166,34.561707
21.9913,34.779873
38.3884,33.94078
49.100834,39.520638
43.12734,38.457882
22.1642,38.51996
24.043175,34.615837
20.901001,32.991776
39.75525,38.96325
50.915,37.11924
39.952633,35.127872
20.800499,34.50738
20.871399,37.110767
18.4596,33.684715
39.0094,36.921925
47.6113,37.188934
31.3266,33.46959
19.236801,38.64493
17.819366,34.075863
17.808125,35.836292
34.9115,36.23814
40.354725,37.625114
29.65775,33.984306
21.799173,37.625443
25.228199,40.21068
20.6713,30.8231
28.4042,34.278717
26.940666,34.917946
18.233175,39.43455
20.59956,39.261147
22.31315,37.553337
21.7817,38.65077
25.035267,36.55426
17.632198,39.985546
17.5468,38.56462
26.0688,39.238903
27.1789,39.76414
16.526731,34.862633
20.688833,34.10449
22.0251,36.373013
25.3511,35.849167
27.904276,35.703266
26.459667,35.325165
27.117601,35.625546
28.049774,35.20663
28.971266,33.151157
32.7678,34.120937
28.574432,33.11207
12.6325,32.53205
12.475132,32.897823
10.623251,34.00262
12.123266,36.39546
13.78088,37.93188
14.857176,39.817734
24.04315,36.111122
33.476566,35.226097
29.40255,35.510696
23.772,34.36174
19.89554,35.444237
16.217773,34.861767
14.679838,35.79801
13.614248,34.343166
11.4258995,36.53921
12.781467,37.81789
17.837599,35.40647
16.72795,37.314823
14.606667,37.059147
15.056334,36.56235
18.620432,35.124508
17.156826,35.716846
15.3349,33.588737
14.499832,36.151604
16.482449,36.83017
16.3074,37.656548
20.620298,39.405376
17.1651,39.313187
19.8956,32.95491
21.35322,36.59832
23.00736,34.366734
20.802126,34.030857
14.439581,33.95339
18.2471,32.888195
15.792549,32.63337
13.457375,34.084805
13.293734,33.092777
10.173273,33.634296
7.9336762,37.62953
10.2973995,34.79172
12.652632,37.07284
12.210299,36.057217
15.839399,34.499096
17.968,34.964092
22.508749,38.82187
17.397533,38.67998
18.670834,38.017654
15.566866,38.07342
13.656349,38.919094
13.4682255,36.023056
10.801249,34.9453
8.498199,37.487522
7.2922025,35.961845
7.7181993,35.55792
8.999201,35.633926
29.6289,37.042667
29.139433,40.34153
28.22675,40.03548
29.6852,34.10505
31.5237,37.08027
24.258226,38.365284
21.3603,39.221733
48.347866,40.69487
40.35514,40.980286
36.739944,39.757267
38.11864,42.390045
55.14327,39.300896
54.44762,40.10509
40.50134,38.960796
40.0429,39.0401
33.957626,37.041058
29.230684,41.538322
24.859566,38.13463
23.828817,36.152214
22.73845,40.0009
7.490399,31.656534
7.303601,33.6822
21.388666,34.19696
16.878933,35.77978
13.900167,34.72616
10.053499,36.78772
9.698034,34.321896
9.81885,35.607338
7.8955483,38.01086
8.1133,37.141335
12.058266,32.856857
12.797199,38.884125
13.5855255,35.236973
14.225132,36.426804
13.551199,36.10427
15.7719,33.843693
16.111734,41.11357
16.695799,35.565292
19.81,38.25198
19.599434,40.077976
20.665949,37.814846
25.3572,39.856163
28.940874,34.019608
26.643,34.061962
22.1642,39.10317
20.8118,37.80139
41.691788,42.28958
16.0022,40.052124
12.78475,37.44661
10.16958,37.967674
9.416901,33.582836
12.148666,37.718323
10.816898,39.583122
11.385834,38.59519
11.042566,35.558605
8.515949,38.98374
12.592432,40.894905
14.067566,37.074234
14.995634,37.413692
16.281574,36.420097
16.049833,37.006966
13.398033,38.899136
10.450499,36.187874
7.541199,36.07645
5.8884015,35.594116
7.643433,36.94812
7.8769,33.05868
6.3450017,32.873215
5.612099,32.58383
5.7954526,35.051994
6.6224637,34.45252
5.3075986,35.951363
22.1642,39.176373
30.425276,40.64791
51.841927,38.713535
39.734768,43.248947
52.303368,42.13626
39.584167,37.265427
33.079666,39.621407
31.2366,37.017467
37.4763,36.36659
35.758125,36.47548
31.16915,37.42595
26.075026,33.532936
24.228334,33.99528
21.8197,36.620033
18.03135,36.76687
14.125399,35.192604
10.680201,36.164608
12.3197,34.92847
13.75395,36.298428
14.642151,38.002556
14.31745,39.023735
15.702633,32.884888
17.226099,34.426598
18.095966,33.924347
23.3387,38.747997
23.46195,35.221188
16.68,34.713474
22.1642,36.740402
29.905859,38.417297
48.92205,41.204967
52.5073,42.913902
28.246151,41.07722
55.9898,45.18155
30.237015,41.594883
50.69366,41.557816
10.6912,39.489407
11.071899,36.769287
11.746799,40.06922
11.124599,37.632908
14.243198,36.232994
12.578766,38.99207
15.653067,40.24519
17.4091,38.998035
16.039366,40.4239
19.045666,41.10469
19.030998,40.776653
23.6571,38.543243
22.790749,36.28134
30.579641,41.17306
17.7418,38.919056
47.0026,41.55243
45.377132,43.332195
45.6682,42.624435
17.9774,40.162003
17.350174,40.25259
19.223198,37.29953
19.080566,43.735
22.432167,41.753548
27.840275,41.158836
28.8824,40.513386
30.842634,41.413578
32.901775,41.10015
27.052134,41.357758
19.211273,38.96337
15.790165,40.02094
15.854,33.13029
15.962799,35.037376
14.4897995,35.387875
12.230801,36.00771
9.531799,34.001625
6.1561017,38.908253
6.738999,36.67337
9.038801,35.441494
12.353834,34.7681
14.5285,36.620888
12.68985,34.71714
10.9098,34.516636
24.97035,40.349384
18.496916,35.63002
12.517599,42.195362
43.051624,42.35968
46.299,40.659447
47.8398,40.745274
45.82685,40.60598
44.9026,39.204987
41.0305,38.10677
31.696,36.764366
18.9487,37.467316
30.04575,35.744446
33.23418,35.89832
33.656624,34.2622
33.35784,37.23872
29.280449,35.162193
34.0676,37.275543
33.877274,36.6799
32.8444,35.487865
26.5282,40.278534
26.5282,33.936214
16.623499,41.556507
26.97406,36.04202
14.218439,36.048855
51.498634,43.633286
50.7595,41.398575
49.8276,43.402916
18.0366,44.20099
17.984867,40.94977
17.963966,38.244297
15.886267,41.17371
14.828674,36.02533
15.610834,39.992287
16.4105,37.104404
16.461624,33.943245
15.132235,34.54207
16.153366,37.98634
15.496866,36.800026
15.514999,35.093395
13.895674,36.63541
18.087349,35.337368
18.649668,38.415455
19.2834,39.333054
18.114475,34.965897
18.849798,35.613274
17.542225,35.10961
19.0719,37.35195
22.6911,34.779778
21.922274,38.168514
23.809267,33.97176
24.339575,34.915592
30.04785,40.357178
27.9445,36.332348
29.514,36.696766
28.1359,37.809067
20.305223,36.994347
36.051876,37.965794
22.761398,36.255737
51.962635,39.870007
47.972633,44.318405
20.6713,41.537197
20.088633,41.44277
22.471632,40.83743
22.68325,40.328167
25.638733,37.643738
29.571451,35.802624
27.15455,39.003593
29.3008,38.96865
29.029266,38.866306
30.122566,37.989807
29.2078,38.749916
30.241367,36.80675
29.2999,39.21294
27.6075,38.123547
26.9529,36.71769
25.349567,40.698105
26.001368,35.419598
25.971466,38.677998
26.70165,38.256657
32.418934,34.174797
33.451435,37.180725
29.5734,40.663113
23.6104,34.230568
20.998732,39.000694
19.567549,38.82288
30.2031,40.245533
25.21855,37.286083
37.60465,40.113815
16.505001,39.74163
11.1131,38.75664
51.571823,42.15098
44.7918,41.227215
45.5783,40.88653
25.6094,33.19904
26.2326,37.28241
25.8935,36.39273
26.643,39.414345
25.1501,37.98148
21.6725,35.131405
19.408,35.580257
19.277199,34.31255
21.704899,37.54812
20.94685,34.84365
19.328749,36.29215
18.6709,36.988075
19.90865,34.468925
21.624733,35.81848
21.4683,38.90953
21.278,37.01719
24.45295,35.84634
28.272367,38.001057
31.913366,35.688362
30.8564,36.62212
28.1359,37.686447
29.573,37.031696
32.69087,37.386707
35.7112,40.790756
18.346125,35.223583
54.0899,42.134823
56.3867,42.48615
45.92165,41.681023
31.6401,38.035397
33.59985,37.285164
32.8008,37.82316
25.1923,41.18667
26.17665,39.75349
31.99086,41.51326
29.990675,34.243774
28.7484,37.64959
29.0359,38.38635
32.1203,36.865986
30.479925,38.930367
31.209051,36.88262
30.171026,39.88279
31.280859,35.25237
30.111425,36.760788
32.31,40.817505
31.681324,39.79056
28.8225,38.71224
26.0258,34.33662
27.042767,37.45011
27.4197,41.72419
26.52815,38.53408
28.8784,39.01501
31.38165,37.702374
35.164833,36.91172
35.17185,41.320107
29.567434,39.472736
36.16335,40.18187
34.35205,39.370743
18.964825,35.11976
23.6571,43.620747
54.24573,43.213356
46.824368,41.867893
26.1327,33.345524
25.747734,35.13725
16.996399,35.806118
33.7695,38.909187
31.8204,34.585514
26.525461,39.62262
50.558525,40.986248
45.95185,43.47723
27.890034,40.01803
23.754301,36.25978
24.41354,35.712887
33.7693,38.837517
33.98175,41.902573
31.7699,36.42412
52.1275,43.645424
50.5681,42.451294
47.9844,41.468094
37.8295,40.86454
23.831501,40.146935
25.41602,38.792305
30.28085,39.96565
23.18265,38.107704
37.049,40.945568
34.6818,38.82472
31.36458,35.78644
38.6785,40.618034
34.9115,39.657738
51.56335,42.83412
45.3106,42.953465
44.8261,45.7808
37.41848,37.160458
19.019474,36.130188
20.097065,42.771484
50.593166,36.878014
39.62,35.764557
26.3204,39.37298
25.0352,36.900803
28.76755,35.31743
34.765335,41.16446
22.3653,40.20358
27.75414,35.188717
24.3766,37.099464
34.002434,38.520683
33.663,39.82899
35.406525,36.017082
38.72608,41.075188
53.739223,44.211563
55.5828,41.93479
42.663635,42.868416
28.9398,35.028374
38.4716,34.938393
21.9774,35.69659
22.7957,41.559517
26.029966,34.52067
25.6626,39.58966
23.708826,38.554066
15.567776,37.37812
24.413721,41.285484
44.895824,37.82783
37.363724,40.85491
23.0641,35.471344
28.77904,36.578987
34.54845,38.045105
25.959625,40.51739
27.805624,34.81136
26.6868,35.584595
31.59736,41.002373
34.0311,40.489964
40.8244,37.474754
50.310932,41.905224
57.987328,44.195366
39.8114,43.200382
31.7976,42.615414
33.364666,34.451454
28.56735,34.654724
31.589474,39.60993
41.9006,37.388134
28.869576,37.783108
26.810974,37.882534
21.7811,38.974262
24.944426,34.41128
24.905275,38.623978
27.626833,38.80612
25.418034,36.09038
17.51315,35.75937
29.891125,42.744225
37.69068,38.642334
37.353577,38.87378
20.75325,40.704967
32.486576,40.094784
35.207676,39.76489
26.983574,35.340767
26.45748,37.97231
24.13996,38.88977
29.684425,39.239815
26.604734,40.790146
32.4999,41.085415
33.281,41.74303
33.59085,40.030403
53.5426,42.978565
47.61902,43.723183
55.620525,44.180965
41.346268,41.98375
33.784924,33.848995
34.4848,37.62247
34.059975,39.0638
43.7793,38.259495
26.901375,42.94058
24.9597,37.634216
26.29566,40.3734
23.884975,36.54473
24.0423,36.74415
29.4913,36.522552
26.600433,37.611668
22.965225,33.87809
19.08746,32.968266
35.547424,43.54258
27.473541,43.9448
32.798462,37.45171
19.078,35.19923
29.307,37.574814
31.93075,41.88795
28.4146,38.45134
27.77552,34.760536
24.017267,41.143066
20.418024,38.92046
32.09352,41.97543
31.375349,37.489887
36.686825,40.661255
33.882824,40.10055
45.49302,40.391132
54.8938,45.109863
51.7527,43.41155
47.452274,42.724644
30.1466,35.540947
33.01352,34.40121
29.397951,35.827816
28.3656,39.010803
37.19316,40.580856
23.9257,39.60006
29.634176,37.307743
34.583176,35.07956
28.592625,36.25002
21.792799,40.20346
26.9925,40.81677
23.7951,36.5764
20.7617,34.748398
44.79976,36.093365
23.63498,42.258793
31.32275,39.75923
24.468075,33.06381
27.43934,36.639797
27.9062,37.180584
28.182768,38.64128
28.3026,39.29491
21.779148,40.176537
20.954176,34.178734
34.34145,37.072235
29.044634,37.162945
36.5176,42.956627
35.73115,38.422928
32.34234,42.042904
33.7631,41.417282
51.03555,42.34905
50.7595,40.738903
49.5356,36.08197
30.89208,36.354637
37.8769,34.473267
30.901525,36.860935
36.354023,41.57818
22.743174,38.892246
31.7295,37.150032
37.49586,39.180664
34.128525,38.12702
22.063425,36.790485
29.7329,35.967316
31.5404,34.8052
18.464298,36.347305
23.368525,35.806458
52.2905,40.84398
22.306974,35.96742
29.0007,36.82867
27.58992,39.54358
24.3125,38.776043
23.4275,36.196053
24.271475,38.15443
27.40972,36.13961
26.21974,34.79095
27.263119,36.24534
34.522724,39.745632
30.0882,35.87549
36.691525,39.255432
30.20305,39.848293
42.943584,44.165592
55.906876,43.588104
47.48873,40.151764
32.192226,38.679073
41.006023,36.13528
31.302975,38.1074
34.39263,40.403988
25.7332,37.74373
29.0593,41.20837
35.127377,37.675785
30.05288,34.94972
21.66214,37.674576
34.2985,39.427475
35.9178,36.516132
20.9759,34.978085
52.12023,36.937202
23.3126,34.790443
24.119675,37.339268
28.41625,37.378124
27.53235,37.459553
26.052324,34.41783
26.1222,34.074787
26.730074,39.63962
26.987501,36.401207
29.96316,37.037914
30.42642,35.305305
29.6077,38.623642
39.1869,40.440674
40.194134,38.8168
31.094725,39.691532
35.1278,40.50512
51.39205,43.56828
42.313927,42.422546
32.91385,37.82702
41.1533,39.126484
31.506975,41.47782
36.519524,39.479687
30.31788,36.73657
29.30964,38.503284
31.498951,40.839622
25.781475,39.482357
19.801525,34.95427
34.538326,36.82437
42.21326,36.69575
16.226366,42.82964
21.05362,36.12007
43.0763,34.068172
24.81048,36.142223
23.07335,36.84214
23.557575,37.41022
28.717976,39.10347
27.4809,37.125744
25.64005,34.042465
20.149525,35.82669
26.52305,35.389584
29.961,41.153076
22.944075,37.31287
28.6941,41.45916
38.127,39.178482
28.8128,41.171528
35.50404,42.379253
52.0104,41.5753
48.988834,40.933605
36.916176,34.42032
40.22242,37.15348
34.72036,38.80269
38.818798,38.503403
28.9398,40.076496
28.146551,36.930725
29.81385,36.74466
33.026775,41.051895
31.648275,41.23974
19.654348,38.820248
33.950726,36.644928
42.2602,37.74515
20.4,42.109886
21.976799,35.604958
34.61775,35.965466
23.7146,34.45142
22.637733,37.49318
20.916899,35.339035
28.60835,32.854546
27.78745,38.66903
29.744576,38.962
23.1263,35.08283
21.77345,39.90959
26.318125,39.55446
25.531626,36.209957
28.824999,36.065533
36.377026,41.751347
31.654924,41.94869
35.10936,41.51885
51.646225,41.307022
52.4821,43.243114
48.76267,42.05084
39.4513,40.708973
40.409725,40.554256
37.33518,38.75129
40.70328,38.843723
27.8388,41.10918
32.261726,36.128384
30.830225,39.972538
29.5713,39.894
26.392075,35.24101
36.340225,38.245094
40.896576,39.84065
25.09268,38.011772
22.991333,37.806713
42.1451,35.779385
39.01865,39.96518
26.718533,33.65259
25.55012,36.482483
21.409298,36.130135
29.455425,40.35443
27.528175,35.419956
30.711926,36.036552
20.842533,36.64538
26.0115,37.414284
25.17032,39.024372
27.10235,37.69372
31.581133,38.7095
42.006035,41.7063
31.5457,39.938374
40.593925,40.514637
53.85746,43.105152
48.8072,42.870426
49.644302,40.415676
39.6684,36.84307
39.9645,37.16107
39.098873,36.46984
30.716974,38.903393
23.6605,40.519344
30.015276,35.67023
25.784626,44.171986
26.9363,37.191936
28.242374,37.335472
38.67255,38.1662
39.4841,42.087006
26.6316,36.29403
22.372274,38.59199
32.897152,37.630375
23.99565,36.73407
25.018633,37.97822
26.625925,33.8512
26.173075,37.79033
28.82275,37.190887
29.226925,33.874645
23.97594,34.794365
34.080376,34.17473
21.0375,35.397762
17.927198,40.089447
30.84724,38.159184
31.63855,35.680424
37.09875,41.600075
32.1317,37.0727
42.336575,42.722527
35.2915,42.158974
60.22224,41.832012
52.387802,41.95849
39.44786,41.17632
36.99134,40.760277
39.45955,36.391724
34.13186,38.919548
21.619034,39.269543
28.2048,40.396523
24.1737,43.07058
25.8496,39.395412
26.863174,37.909992
28.958775,40.129505
35.82802,41.395073
35.5431,36.820587
27.1839,38.764793
22.8516,36.509243
26.12995,39.4655
20.071974,37.123337
22.88674,35.974747
23.439949,33.324657
28.84542,33.32421
28.89686,33.409973
28.771225,34.557945
23.51405,37.970066
47.0721,36.743317
18.2085,35.97743
30.55385,34.036507
32.3893,34.09635
39.71607,38.637672
32.5848,40.95692
48.03828,40.698555
46.7401,42.63451
54.7379,40.159466
50.11155,41.95781
39.20145,35.320915
39.537827,42.59059
40.02195,40.13291
37.682434,39.304413
26.22852,39.178497
33.993366,40.491516
27.095,42.011158
34.15785,34.277428
29.669426,41.0117
32.3276,38.2402
26.93995,40.038895
27.169975,36.306747
24.065825,35.283024
23.91098,36.24332
20.632374,38.03237
22.522566,37.9769
25.92725,34.802086
32.39515,38.329727
28.07855,34.718777
28.83926,36.144165
27.71494,32.747234
40.87023,36.038292
19.24524,35.86608
30.4293,41.32348
32.29055,32.45901
42.5513,39.817173
40.77715,37.49065
59.49638,41.16484
47.93412,42.94872
53.21723,40.24553
39.2484,38.60894
45.11065,37.032864
42.39622,42.47965
41.10262,38.10485
25.108225,35.58704
36.0956,38.66538
31.64262,40.138565
32.77075,38.434082
30.863424,39.574753
34.33095,39.462288
23.62875,41.569542
26.84332,36.293697
23.938,38.891758
24.656467,34.142643
20.3926,35.76043
26.50495,37.85621
26.21195,36.409172
32.70464,42.493835
28.653324,36.328842
30.3202,35.69263
34.3442,34.348423
36.20362,34.22735
23.796,34.88734
30.267021,40.802917
33.363266,33.1112
40.162533,42.5053
38.308468,37.323307
66.56424,39.032444
60.4061,42.31126
54.075726,43.604702
49.7224,43.490448
38.38545,38.485973
48.4053,34.254562
44.455574,40.274406
40.33662,39.555706
28.120674,34.59238
28.629574,40.582115
32.288723,36.411915
33.056778,33.538082
33.13926,40.73342
29.143625,37.4302
22.512299,40.371544
26.452875,35.505478
23.2725,38.997578
23.28216,34.40359
19.692726,36.670097
18.0236,34.887108
28.422476,35.416527
33.635574,37.458706
27.39055,34.658867
28.966875,34.004257
30.276875,35.550377
36.489174,34.499313
18.157724,36.304394
27.329325,35.89822
32.9975,34.435806
43.024567,37.734585
37.2651,37.982277
65.84447,41.92737
54.07535,43.113873
53.5157,41.32874
48.22755,41.873154
39.820976,36.957676
49.372482,38.49802
43.7905,42.539013
37.3573,40.01461
30.89265,37.223873
30.433825,38.988647
24.64475,37.267727
32.52855,38.184273
31.765675,35.73303
29.208124,39.80923
20.224325,37.49138
29.142324,36.45751
23.7785,38.971478
20.42415,39.103107
20.2216,36.02622
20.30378,40.94804
25.6203,36.5484
33.465733,36.08815
33.9936,38.308346
30.6428,39.005905
28.643925,38.89291
29.72698,34.78027
34.398323,36.01849
18.66254,39.421337
30.890379,38.12308
33.87795,35.75581
43.9836,42.912907
36.808735,35.762882
49.92217,43.49853
49.5612,43.39589
46.77715,40.090855
42.430923,38.98563
47.0045,41.022377
48.3479,39.99169
42.73368,40.90558
37.30425,39.558033
32.8088,39.226395
30.377075,37.143997
26.3869,38.018333
30.978624,38.71629
33.682476,40.398773
26.86594,40.296448
21.4607,38.81381
24.860601,38.141895
24.1929,37.448334
22.424465,37.638878
20.93132,38.03301
21.040474,39.32393
25.063221,36.437332
33.692524,39.310497
33.37948,36.406403
29.231367,40.41629
30.9199,36.970467
34.319324,38.856377
28.8638,37.788605
25.60515,36.8552
30.8921,34.712097
39.02245,41.941174
35.586025,39.248245
46.643024,46.063282
50.341774,43.837063
60.3774,42.733932
43.66238,38.714962
47.771126,41.6421
44.4642,38.75881
37.98924,40.88996
32.763138,39.19151
32.058575,36.543182
28.590551,36.864532
29.794275,40.211075
31.8395,36.191475
22.8187,38.014133
20.7865,35.873962
22.323324,35.280396
24.2701,43.193886
19.48792,37.317993
22.742249,37.598713
20.210825,35.37028
27.556833,37.98932
36.74885,33.30885
33.9928,35.117542
27.71485,39.500816
29.1577,34.910736
33.05108,36.322453
32.6942,37.289894
25.411041,39.409615
31.0942,35.856625
39.5937,43.273388
35.740902,37.769222
33.079517,39.114258
47.4351,41.68336
47.14695,39.40012
57.05773,38.30076
41.4574,40.232704
46.38395,39.034866
46.168148,40.488644
39.0451,36.13344
38.032475,39.64572
29.491701,42.641956
35.0364,36.207893
32.08042,40.82242
25.06725,40.209984
33.33512,37.009792
26.29845,36.666317
18.6042,39.329197
19.926233,38.22037
24.761,36.364063
24.631,41.657116
20.7096,36.491695
30.33295,41.65909
27.223825,33.8733
25.82136,38.966393
34.505524,40.668613
31.78826,37.009937
28.22168,40.864414
29.7437,33.44664
25.925251,37.663593
30.111551,38.948483
29.51078,41.181892
28.5226,36.176044
35.91415,39.923832
33.69595,36.872486
25.39995,41.404743
49.313873,43.26658
53.370567,41.728996
46.69483,42.062675
45.9357,42.89329
49.44768,39.272133
39.07445,37.577965
34.37152,38.372402
28.943981,35.418568
35.7599,39.323673
34.200127,38.23524
22.8775,37.69668
26.5899,38.8908
28.015776,38.575123
23.48085,37.63796
23.47436,34.7717
23.708925,39.667824
23.598125,32.693638
31.945974,34.09606
33.38155,39.602276
25.943825,40.18024
30.6463,35.53638
30.802675,39.230503
29.1798,38.317337
32.817924,35.66274
29.443375,40.50948
36.612175,37.083584
31.153975,38.277077
24.6907,39.02176
39.0458,40.293056
29.8464,38.682922
22.01728,40.635777
45.764633,43.863758
52.671425,44.633778
47.309975,38.55677
44.5868,43.577824
46.003326,38.80225
38.5625,42.562103
33.5618,40.60328
34.490433,41.4997
26.1754,36.408676
35.586826,33.955112
29.838175,41.880394
22.56515,38.043808
26.04725,40.769466
25.22986,37.324497
28.27765,37.61913
22.67075,38.74389
20.862099,36.276196
26.6954,31.121344
32.0266,34.38541
32.42294,34.53462
27.40505,37.121998
30.697426,38.190636
30.453001,37.632652
31.638575,35.318134
27.80712,37.26368
32.207073,36.42567
35.44644,34.8599
29.719625,39.64167
30.7773,38.211605
37.92877,40.5979
34.5067,37.221714
25.08788,38.81119
40.379375,41.75368
44.7449,44.236225
47.0846,42.955666
46.99272,43.31711
49.09362,41.311615
39.48905,41.523796
38.892025,39.243393
27.541025,33.795914
36.084034,38.904655
29.118074,40.34798
23.8456,40.179638
22.551533,41.67781
29.4451,36.642906
34.676224,34.462154
23.563725,34.33713
20.189098,34.258743
21.0054,36.549473
26.2745,32.505695
26.660376,40.930542
34.694473,38.026085
27.63014,34.975807
29.94234,41.021423
29.569649,36.978218
32.9822,39.300896
29.571451,37.587147
36.115726,36.75602
35.8236,34.128223
31.90315,37.10381
31.5811,41.238056
39.181835,42.412952
35.210434,37.211544
19.839201,36.994328
42.9097,41.393864
45.3045,39.628136
45.826275,43.94592
56.457973,43.66227
47.300823,40.90042
46.931625,41.684795
30.904325,38.02195
37.958275,36.941055
28.151768,36.777187
34.906876,40.194824
25.29635,36.516975
19.092434,35.13776
20.721218,40.51177
30.524067,39.74031
39.09885,34.620857
19.27436,35.391754
22.471039,36.674297
25.520634,38.706177
27.000425,37.139614
36.801926,34.546432
30.273575,35.636185
28.80715,41.127472
30.38866,38.228016
38.50888,37.031506
31.57966,37.54678
35.22738,38.497555
33.51895,36.862755
35.65328,37.530838
33.8779,38.17205
37.235867,36.889507
30.296,36.845245
19.98474,36.976326
48.74762,36.161053
46.675823,42.71689
55.98475,42.125454
41.3579,41.64944
44.410625,40.7397
37.49914,37.84188
40.589725,38.009315
26.8377,34.453236
36.2375,40.671013
35.026333,39.65268
27.505924,42.220695
18.518024,39.93735
19.850424,38.525566
29.741667,39.815765
32.91298,35.163593
20.311974,37.296604
23.0466,34.229294
21.968918,36.11316
26.19495,38.330982
39.79225,36.82706
35.831074,37.35773
35.036,37.47555
33.112865,35.839066
37.77765,38.83329
24.748575,35.666866
33.553726,36.359543
30.00835,37.00035
36.7151,40.390873
33.158665,35.84777
33.80815,36.977608
28.96125,39.751316
31.9257,39.345814
21.0984,38.167576
20.78615,45.753155
48.390026,40.410286
47.7737,42.938553
52.2524,44.489513
54.118576,43.32987
44.9026,39.609184
44.768826,41.934727
44.995323,39.154972
38.46904,39.5118
26.7371,36.87824
34.425274,41.994843
22.3939,36.666462
17.94126,38.849236
23.083775,37.670303
26.97322,37.45088
31.00325,37.321888
22.279049,37.38241
24.380001,36.75297
21.3916,35.895496
26.643,34.458794
27.72325,38.28866
41.9539,36.777588
39.358376,38.336086
36.047123,40.421814
37.1165,38.70536
36.4268,38.123768
28.226076,36.084206
33.367924,38.772408
26.937725,41.472076
35.8907,38.51677
31.12175,37.81111
36.0755,41.221195
34.592224,37.824074
28.56222,42.80808
48.15055,40.368557
54.147274,42.675262
54.951176,42.645176
42.83548,41.54971
45.76886,39.826958
46.99992,40.74419
37.924927,40.472317
31.20544,38.994026
33.163624,42.779846
20.527723,39.92024
20.539476,37.146194
25.3022,41.59521
28.260426,38.01657
28.42035,38.951733
22.86685,36.324768
23.600876,38.414543
26.700424,34.936043
27.669867,35.482834
42.27956,39.035553
42.15814,39.79156
40.1713,41.87726
37.904533,38.428
37.9059,37.246
29.670776,36.58469
31.9057,39.469078
29.0637,39.91647
33.70024,36.766014
29.246033,37.0777
37.408165,40.35254
33.278065,36.914074
32.613174,37.332047
47.9408,42.390064
49.954,41.531513
64.743904,40.331646
54.26215,41.221436
44.5198,41.97129
45.227932,42.185978
48.747826,43.353237
37.853973,40.82242
28.853651,40.251534
28.6075,40.86676
24.94396,36.136868
24.110434,35.768967
30.2031,41.387943
25.894125,38.81009
29.41568,37.285606
25.304867,38.223473
26.739824,39.488033
23.81326,38.548435
28.19848,35.402138
29.2384,37.199787
36.965126,39.750484
37.6103,38.765785
42.240276,39.14057
39.91275,36.791153
35.943424,34.88247
33.0142,34.392563
31.442749,35.517773
30.8132,41.33353
36.67005,38.52372
29.8335,34.532406
34.601532,42.983505
34.729534,36.38605
38.728832,40.225597
35.5067,46.010895
52.428974,43.355473
74.8649,41.542053
66.874405,40.660027
39.485126,41.237904
44.2949,41.10083
44.1585,44.128475
43.3013,35.65397
28.297176,39.892628
27.71714,37.23613
27.4086,37.34836
33.44625,38.878265
32.87654,36.198204
31.2763,38.340378
28.683125,36.195873
27.504326,40.053623
23.54675,36.687134
25.419226,34.804596
28.915075,37.07085
39.53574,37.241127
37.03605,40.58556
36.47415,42.37058
39.1827,37.080803
42.366627,39.75869
33.11802,36.914818
33.007248,36.257603
30.441076,39.151016
31.07822,38.03669
31.00565,40.444065
32.44245,38.128746
33.6205,42.31365
36.797974,37.553356
32.67625,40.54173
50.3001,43.518566
50.2429,43.207417
53.619976,39.51988
44.9026,40.30333
40.3587,40.773552
45.563625,41.29483
46.5251,43.28495
44.0379,41.90925
28.059425,37.391777
26.35905,38.549313
26.388676,38.952408
32.004,39.14019
29.93444,40.842773
31.253649,37.244186
33.447475,35.529305
25.663425,40.907547
24.82996,34.381405
23.7523,39.84595
27.073675,36.289482
37.262733,37.340282
38.387825,38.84428
36.57244,40.89838
40.770874,39.48273
29.20338,37.435814
33.56215,39.790115
35.68415,38.69418
29.927076,41.52804
29.712275,35.765217
30.6157,36.57967
32.93695,39.23024
38.634834,38.4423
35.555424,41.278366
36.8638,45.23373
54.210167,42.581768
47.7251,42.536007
36.787266,39.05046
47.26365,40.099068
45.2697,43.558006
43.11895,39.197063
29.056425,38.135704
25.7889,39.939487
27.778101,40.60946
33.732273,35.56939
36.0235,41.161472
29.525024,42.12409
31.3515,39.33996
30.5416,35.83678
27.730476,36.41512
23.63836,35.22698
24.543575,35.919
25.2671,37.384205
35.3265,33.9688
34.394733,34.8255
43.365677,36.781155
41.288223,38.74333
25.20685,37.74949
32.70768,36.573093
32.2508,37.07607
28.702341,36.3401
30.624361,40.25022
32.2555,38.736694
34.393234,39.274296
39.85885,39.92778
41.80302,43.53672
52.9861,38.562447
46.769,43.38886
55.758167,43.950478
34.085526,37.958145
47.95885,34.754467
46.19995,43.822617
44.836273,38.283604
24.01706,41.828472
28.47465,37.745476
23.87418,42.389862
32.27015,40.624172
31.618925,40.61211
30.148533,37.68054
27.407925,34.565907
34.10325,39.850258
22.442123,34.545616
23.3832,32.336094
22.19125,34.430992
34.728825,38.964264
34.6399,38.370922
39.8714,41.38299
37.95475,36.734634
38.3567,35.12084
26.152925,34.791157
26.732676,38.00253
36.27775,37.86758
30.117075,35.653107
33.041626,42.16749
30.359234,38.41504
36.6639,41.06652
34.2297,41.17034
45.17788,41.593914
51.223026,42.73791
53.8028,40.08123
34.58796,38.273937
46.17375,40.068283
42.443798,39.904285
45.4178,41.489323
45.061474,40.036453
27.33204,39.290737
27.350975,39.30333
24.9504,42.166233
33.1011,39.327442
30.74005,40.85572
32.96065,37.625137
29.685276,36.336082
32.6524,35.607994
23.914951,33.816154
26.7004,33.376373
27.169975,33.66752
31.47395,35.605724
31.361025,36.7997
37.328674,35.65497
40.3569,35.522865
34.74354,39.648327
22.658249,37.728928
38.963066,36.6637
30.896841,39.471344
33.303898,43.65098
32.143135,39.315933
35.440365,40.026985
32.388767,39.285633
49.8508,38.709435
49.999027,39.716396
50.459335,42.01875
30.91735,39.272957
43.9265,37.992195
46.9071,40.32073
38.476162,40.66037
27.7082,40.28854
32.057976,40.22212
26.914724,39.530167
32.775,41.008423
28.94684,41.83898
31.540125,35.570774
28.017675,36.529675
30.3982,37.540203
25.15005,33.731976
24.395199,34.595577
26.382475,36.192593
32.1854,34.39541
28.247349,36.94064
39.14792,35.017174
40.10018,35.469368
35.00335,35.825542
24.486176,36.514717
41.0098,33.807755
30.12885,39.42394
31.193268,39.128967
31.179567,38.71011
38.7305,42.264465
27.6383,43.35302
49.30732,39.72232
46.186234,42.148483
42.3585,43.537838
35.240173,36.878857
46.250965,40.340107
45.18676,43.316708
42.126823,39.81781
26.7004,41.611095
31.708574,39.01556
25.726551,36.586662
31.9052,40.444187
29.1259,41.947933
30.9905,37.07153
27.63825,36.491753
30.8611,43.08637
25.7595,34.70755
20.62832,36.38029
33.869926,33.556953
30.457975,36.946243
31.6773,38.04291
35.786476,36.779743
35.857376,35.685978
36.067398,36.15526
29.153667,38.811436
28.04245,37.84988
39.81415,39.023067
28.582476,38.62509
33.00728,38.140705
32.4618,36.00748
35.022633,40.405693
19.6484,40.20591
46.205017,41.92716
44.124523,36.45769
44.2013,42.557606
35.232067,39.63614
32.4577,36.120182
42.63705,40.044567
39.655926,42.840176
41.399727,39.610264
28.480925,38.316044
32.367523,38.499237
23.053925,39.60126
30.865868,41.903187
33.0445,40.254627
28.65985,42.430786
24.198675,38.952232
28.879549,38.764793
29.955925,35.84463
26.147675,37.855175
34.190166,35.45351
30.65522,35.447765
27.92525,34.61187
34.148026,34.770412
37.548,38.707363
40.59975,38.190212
27.1827,36.78704
36.10344,34.450905
29.0269,36.393467
37.77965,39.411106
34.4768,34.369896
34.6818,33.487827
38.0566,41.188713
35.50782,40.718792
39.505135,42.110344
48.132668,42.631218
41.99175,38.321423
29.184,41.983242
33.61636,39.842857
40.1809,37.284122
43.065174,38.092285
38.62467,41.214058
30.531176,40.563507
30.05395,37.34311
21.88105,39.340073
30.43615,38.84669
34.541233,39.47227
27.733025,37.12291
23.46405,38.046673
26.695475,41.231094
34.98246,39.518368
22.630949,39.010017
31.43285,35.85667
28.699026,35.832268
31.885468,35.946884
35.57905,36.34978
37.24325,36.08696
36.48746,34.124332
33.009735,36.247013
29.169533,35.5433
34.86898,39.91133
33.61584,39.307434
35.7125,32.278233
42.2207,42.02812
45.45298,41.376095
40.066387,36.973637
44.328434,40.712135
44.271,40.58703
35.139725,39.564014
38.581875,43.940853
39.397,37.573112
35.940426,37.067944
30.074501,40.24259
32.24705,37.1485
23.742401,35.26209
29.75515,38.665684
34.9675,41.12104
29.1684,37.548008
25.69765,39.776302
29.7553,39.5577
38.93905,36.05437
22.416176,34.71916
31.458532,36.99865
30.67312,35.319237
34.62594,34.975258
34.2179,36.048016
34.06458,35.955536
34.3541,37.999046
32.03238,37.79554
34.9619,39.013725
40.265133,39.714737
43.9839,36.752754
32.906124,37.70546
36.0531,33.955784
42.5738,40.857624
49.6013,39.15251
33.06825,41.599
39.0458,42.91359
42.00515,42.953144
48.835926,41.023964
32.663376,38.390884
33.6992,41.076614
38.30642,39.875183
35.846,34.616974
32.948826,34.826088
34.5099,37.439514
21.84915,34.454723
27.65344,40.6371
33.188976,37.588917
30.123133,34.368484
27.21306,37.60011
29.9578,38.67152
38.76598,36.371384
24.531641,36.01957
34.5039,39.152092
32.786,35.599247
28.9784,33.418606
35.108524,35.489944
34.92995,35.833088
34.10692,38.362682
30.73655,36.02702
30.31485,39.238594
37.61652,36.46842
33.57392,40.66223
36.5505,36.126606
42.910667,37.89846
59.29046,42.539448
36.8753,40.264603
41.955833,44.08179
52.5246,38.411865
31.81085,37.311253
37.6677,36.685085
42.1243,41.04593
30.25728,39.661095
29.0991,38.38797
37.638973,37.471012
20.3381,41.632828
19.057566,36.2108
28.408566,37.1549
30.247126,41.553993
27.713526,38.979187
29.202875,36.901222
31.313168,38.20345
37.133823,41.13975
24.7703,34.741802
35.3996,39.9979
35.80345,35.502003
29.8257,36.84312
34.86974,35.46687
35.4828,39.90417
31.1792,35.597466
37.9675,37.127583
29.062475,39.221405
35.7896,37.45847
32.2119,40.457104
36.87045,34.831505
39.792732,42.209843
56.506943,40.501125
42.02805,37.83065
44.574165,42.9794
58.8558,43.640152
39.18146,39.178432
46.968025,36.41403
44.2952,38.906853
28.3189,39.96289
26.285225,41.302456
37.690826,38.93879
18.41335,41.024952
31.36216,36.75798
31.76988,40.755432
30.6037,41.059258
28.571066,39.791313
34.4148,35.987385
30.728199,40.889317
25.160099,38.47539
36.42185,38.160378
31.311926,34.98229
32.4813,35.328423
32.50148,37.254227
35.14786,36.797478
35.971375,38.723293
35.63888,36.037548
30.01432,33.820644
40.99804,38.054443
34.1824,39.770016
34.43835,40.63255
33.891266,39.095245
56.451622,42.674007
42.555183,40.17533
43.4097,41.928936
53.006626,42.601883
43.979576,40.527138
45.643677,34.944576
42.470676,40.05386
29.433626,40.747787
28.91355,41.74451
36.67645,39.94338
21.42926,38.94482
29.92742,37.714474
33.485523,39.49121
35.0952,36.689552
29.938534,40.938515
32.795525,38.7208
25.806974,37.532166
23.614367,39.02728
35.193573,44.210594
28.32145,35.4203
30.50914,36.55495
31.629524,38.70865
35.411633,38.989166
34.5101,36.167904
31.03735,36.950043
31.65245,38.16968
37.76706,40.83079
32.80716,41.55819
30.7253,40.996128
40.6781,39.526012
58.54908,44.044163
39.63016,39.93216
44.5964,42.73957
43.279835,38.690933
41.14455,38.901768
45.25998,41.0147
42.2326,39.962948
32.6133,34.5321
28.99118,39.22976
36.8466,40.065952
24.475475,38.157524
33.9258,39.174183
31.250067,39.433178
31.696,41.952755
32.58058,38.67031
28.441881,37.14727
32.0218,38.529404
28.54565,40.511116
28.85252,37.909527
37.418232,35.355206
31.905,35.919064
30.177124,36.996323
29.628876,34.14652
28.26235,38.933834
38.165276,38.477497
31.6453,36.763355
35.6246,34.03029
37.2398,38.134228
38.096073,40.644867
30.003,39.921352
44.66195,38.07616
57.00238,41.359196
35.04818,41.076984
46.825367,40.756542
43.009567,38.07438
42.552624,40.893375
45.161724,40.451893
40.71095,40.134144
35.704765,37.80891
31.71405,38.241188
35.215458,41.496376
27.771334,36.361767
31.37655,39.399166
31.78818,38.8627
33.161976,40.53356
25.663176,38.54893
30.36982,36.871944
30.84695,36.774834
34.0589,38.547974
37.44736,35.83543
34.32535,35.778152
32.397224,37.12757
29.307,39.36946
32.975624,36.58817
41.121174,40.03171
28.056301,42.53698
37.0064,36.02082
37.4954,37.688454
42.48402,35.88004
29.659332,41.37529
43.660465,40.277355
50.49966,43.105965
31.738132,43.05605
44.8304,42.242874
42.8967,41.403423
43.698765,40.441914
42.0861,42.56723
44.635273,41.542236
37.378174,40.002357
33.555626,36.018345
32.93796,41.54833
36.044876,40.257538
32.1022,38.88766
31.68078,36.605713
34.860134,42.057804
36.39415,42.3681
27.43125,37.020245
29.5041,39.080902
27.75936,38.20429
37.78253,37.75714
41.9411,40.935555
41.379,35.223415
38.82418,42.24547
35.03242,36.12953
34.523026,34.861256
39.249,36.864765
32.25922,38.845505
39.272125,39.176346
38.879826,39.360813
39.76505,43.913696
27.714867,40.58274
46.198765,40.695595
52.3673,42.252083
46.3447,39.20445
27.47616,43.337
41.4957,41.88182
41.474968,39.599384
40.662273,42.00053
41.024776,43.31287
25.93345,38.98508
39.763523,38.359005
30.474174,42.52196
34.296665,35.9896
35.9239,40.39455
33.23995,37.90893
34.3558,35.350796
34.383526,39.095726
25.8426,39.39594
23.6571,36.483032
31.7648,36.823814
21.1815,38.909397
40.16545,39.54262
52.83985,41.271465
51.1957,37.257084
37.43595,38.59794
37.71395,35.758366
33.192234,39.578506
38.805576,39.21044
29.77325,35.476967
38.146423,38.195328
41.06294,39.202145
42.265427,39.218273
29.444267,41.531216
44.902668,44.27736
51.74215,41.188942
24.0384,40.642864
42.452732,41.76754
40.7073,43.274403
40.03925,44.66187
42.5496,43.354855
29.46104,40.50176
40.8636,40.7032
33.392673,35.957138
35.6073,39.146545
33.9434,36.509277
32.068798,39.839504
32.872375,41.746994
34.03,37.184227
25.925251,38.05597
34.466976,37.195152
22.174599,38.736977
37.95653,39.17156
55.0086,39.392838
60.07396,37.492516
40.2038,41.46718
39.38376,36.951054
37.95434,37.458088
37.21275,38.58624
37.5785,38.342422
29.989151,34.993137
39.22245,36.807335
41.0975,33.729584
40.844933,41.885067
32.6728,40.60522
46.5016,41.849586
52.397,41.182777
25.05664,38.03296
36.5946,40.382553
35.1296,41.200096
38.21315,41.244415
37.7413,40.462814
46.457123,42.138752
33.14097,42.281017
40.2593,38.494217
40.9986,37.19802
33.757465,36.98037
35.78393,38.490215
29.9948,40.255497
27.696001,39.780544
28.32788,41.57162
30.504925,40.42328
28.9223,37.197136
33.334476,37.141376
19.39326,37.346287
35.9295,39.1048
52.3543,42.552525
67.0254,37.037354
41.7922,38.49958
41.0481,37.930244
36.361423,36.735935
38.910767,38.042618
27.226324,41.59585
37.39208,39.776695
35.55362,37.779408
44.429127,41.611332
37.9667,39.242863
46.24525,41.40933
57.66735,42.55058
23.88818,36.5359
19.9681,43.120724
36.770325,40.656487
40.500435,42.892914
40.68605,42.320442
45.1969,41.88062
38.27445,37.541428
40.78355,39.752495
35.098976,36.43933
27.00332,42.34684
29.806181,41.93256
26.940575,42.830242
22.995674,39.048332
31.86196,39.768234
29.2712,37.96751
32.2027,34.231194
19.18215,39.503887
34.2225,38.96913
49.003666,42.08835
67.7559,38.416164
39.543,38.971912
39.902077,39.058167
36.85094,39.856953
37.420525,36.586452
27.8488,39.321823
36.187077,36.20432
37.0627,38.40213
42.97514,42.181164
40.310425,40.30026
44.3667,42.731403
55.37945,40.876686
19.669357,34.854393
39.854126,40.888218
42.2613,38.464184
35.711124,39.984
41.6909,40.26649
41.34672,36.621777
38.441475,37.625847
32.487125,40.03683
33.313824,40.63365
29.954374,39.05697
26.2482,39.392178
27.812735,38.059868
32.574,38.5557
29.280968,37.282295
34.3536,37.863632
18.20728,38.21144
29.72015,39.842026
65.03163,41.831097
36.88344,36.94988
39.3137,40.462303
34.2225,42.264317
36.119766,38.54633
28.9417,37.394997
37.616,37.77676
38.1057,35.63529
35.02352,40.05978
43.21205,41.1257
44.7706,37.555958
41.972034,41.10453
58.753483,40.592754
24.9177,36.860397
25.966225,37.961155
34.6818,44.327103
31.868166,40.926334
30.542324,39.78068
43.134674,38.466164
42.48415,37.309734
38.37875,38.260796
27.931826,36.77682
37.0203,41.85233
38.3567,38.59657
33.42763,36.140083
25.379774,40.207626
24.71426,41.376316
30.68792,39.189266
27.2295,41.575138
34.45216,37.35424
19.8979,35.35334
26.7288,39.646397
66.20953,41.776264
37.033726,39.418457
40.2323,40.826485
36.280552,40.277905
34.2257,34.783207
28.992401,38.462585
40.26766,35.454796
36.507275,42.63942
43.90042,39.130676
45.503834,40.58979
45.556026,40.493164
53.830452,39.9154
26.208933,34.515293
32.3237,38.157597
35.47495,42.71057
34.7116,39.386818
33.466026,40.94753
46.360275,44.85169
41.65805,43.887123
43.984325,41.86153
31.389975,35.70262
38.615875,37.125683
36.42742,37.611168
29.567175,40.088505
27.822025,39.098167
31.59,40.152508
29.70425,40.51314
30.7481,40.714252
25.4184,38.286636
28.421299,39.659588
62.38755,39.5416
37.34945,38.40382
40.345776,36.81391
40.55688,37.81045
32.477367,37.50725
27.1282,41.991627
39.339523,35.915096
33.463276,39.240414
41.95886,37.200726
43.600567,38.155098
47.6588,40.16384
47.914,40.234177
63.88117,40.888237
28.831434,38.948814
31.11235,40.264923
31.4057,41.83987
23.2424,36.047424
31.48156,40.91277
44.38585,38.617287
40.298923,40.928505
38.9884,36.230545
36.6886,37.778954
37.30022,40.908276
34.188133,42.8495
29.3517,37.064766
30.297674,35.220318
31.62664,37.12827
27.1766,38.638336
27.578867,36.0426
21.51246,38.898582
25.8122,35.952217
49.1374,43.414623
48.5288,36.686096
37.6432,40.919197
42.66618,40.148464
40.4614,39.75538
32.8775,36.86248
28.813776,39.446342
35.5941,37.55194
32.021225,39.837597
43.977398,42.37608
45.3225,40.21063
42.3354,38.16952
46.627823,37.555973
65.89424,40.059113
36.5193,42.603615
33.5944,44.522884
29.139221,36.098343
30.8232,35.167316
34.977776,35.000206
29.51154,36.01459
25.6826,39.079056
22.842098,38.87818
30.91322,37.902462
33.0013,41.97575
26.050837,36.964493
35.9987,38.66713
45.746998,40.780293
40.668823,36.332924
31.60778,35.510803
29.628849,40.038868
31.858074,41.898872
32.385048,43.479103
41.02045,42.109932
35.657677,39.91947
45.148335,43.40662
69.98846,43.38001
36.506023,41.646454
32.49626,42.781868
26.757801,39.104725
27.1072,39.315113
34.310875,39.840767
32.777424,38.83051
28.92675,39.580532
24.2157,40.49353
30.972425,38.271915
25.541271,41.767395
22.393879,37.85264
32.001934,34.77802
44.90265,36.090427
38.308075,39.49407
33.495026,41.403057
30.8232,39.3596
32.086224,37.179592
30.74858,40.51318
39.687977,40.604633
38.7956,37.103775
49.036926,39.801163
63.84535,39.922314
32.83366,38.93018
31.3366,38.485508
27.217375,40.51199
32.834324,40.225655
34.0146,35.166565
29.644733,34.708687
25.129774,38.524868
26.214825,37.008015
33.797974,35.53696
32.5684,35.45584
33.3737,37.364895
34.2818,37.346333
43.7365,39.554203
43.825966,37.01004
35.10395,34.659443
32.109425,39.220623
32.31178,37.88603
30.157524,41.58979
40.685276,43.22478
36.32466,37.025642
48.611732,41.61416
61.244465,36.665836
